,Power,Predict,ghi
6/3/2021 17:00,1427.837838,,3515.23281
6/3/2021 18:00,422.8125,453.9747051,1725.890819
6/3/2021 19:00,54,71.54489818,312.8429086
,,24.98101165,
