,Power,Predict,ghi
2021-06-01 14:00:00,6304.090909090909,4674.232477343587,6937.677800052461
