,Power,ghi
0,24.857142857142858,166.7455388340201
1,195.45454545454547,1451.6598827017842
2,1206.6666666666667,3221.3472983580837
3,3213.4285714285716,5045.390819051857
4,5320.714285714285,6724.2779056380305
5,6805.714285714285,8117.9471262640445
6,7777.941176470588,9120.576238229007
7,8171.666666666667,9658.857860771393
8,8187.1875,9694.095261512715
9,7875.833333333333,9223.863133887133
10,7158.333333333333,8282.114605675531
11,6304.090909090909,6937.677800052461
