,Power,ghi
0,5250.857142857143,6733.829475154695
1,5905.588235294118,8125.688056105441
2,2603.1428571428573,9128.009485495315
3,4906.875,9667.483355223827
4,6930.882352941177,9705.308501506632
5,2371.875,9238.863668960592
6,4574.6511627906975,8301.824527084113
7,4039.714285714286,6962.667236326873
8,570.0,5322.446667518588
9,1404.6153846153845,3515.2328096929214
10,413.6363636363636,1725.8908192129225
11,54.0,312.84290856610613
