,Predict_Power,Temperature,Cloud,Wind,Rain,dayofyear_sin,dayofyear_cos,hour_sin,hour_cos,ghi
2021-06-01 15:00:00,4674.232477343587,25.04,2.0,5.15,0.0,0.5012418134457758,-0.865307254363206,-0.7071067811865471,-0.7071067811865479,5292.053894469583
